<?xml version='1.0' encoding='UTF-8'?>
<project default="assemble" 
         name="com.tibco.devtools.builder" 
         basedir="." >
    <import file="E:\builder-2.0\obfuscation.xml" />

    <target name="-make-output-directories" >
        <mkdir dir="E:\work\repo\builder\tt\output\tbuild\candidates\devtools\builder\2016-03-29-0527.YANNIS\debug\features" />
        <mkdir dir="E:\work\repo\builder\tt\output\tbuild\candidates\devtools\builder\2016-03-29-0527.YANNIS\debug\plugins" />
        <echo append="false" 
              file="E:\work\repo\builder\tt\output\tbuild\candidates\devtools\builder\2016-03-29-0527.YANNIS\debug\.eclipseextension" />
        <mkdir dir="E:\work\repo\builder\tt\output\tbuild\candidates\devtools\builder\2016-03-29-0527.YANNIS\release\eclipse\features" />
        <mkdir dir="E:\work\repo\builder\tt\output\tbuild\candidates\devtools\builder\2016-03-29-0527.YANNIS\release\eclipse\plugins" />
        <echo append="false" 
              file="E:\work\repo\builder\tt\output\tbuild\candidates\devtools\builder\2016-03-29-0527.YANNIS\release\eclipse\.eclipseextension" />
        <mkdir dir="E:\work\repo\builder\tt\output\tbuild\candidates\devtools\builder\2016-03-29-0527.YANNIS\jar\debug\features" />
        <mkdir dir="E:\work\repo\builder\tt\output\tbuild\candidates\devtools\builder\2016-03-29-0527.YANNIS\jar\debug\plugins" />
        <mkdir dir="E:\work\repo\builder\tt\output\tbuild\candidates\devtools\builder\2016-03-29-0527.YANNIS\jar\release\features" />
        <mkdir dir="E:\work\repo\builder\tt\output\tbuild\candidates\devtools\builder\2016-03-29-0527.YANNIS\jar\release\plugins" />
    </target>

    <target name="-assemble-features-*_*_*" >
        <ant dir="features\com.tibco.devtools.builder" 
             antfile="build.xml" 
             target="gather.bin.parts" >
            <property location="E:\work\repo\builder\tt\output\tbuild\candidates\devtools\builder\2016-03-29-0527.YANNIS\debug" 
                      name="feature.base" />
            <property name="os" 
                      value="*" />
            <property value="*" 
                      name="arch" />
            <property value="*" 
                      name="ws" />
        </ant>
        <zip basedir="E:\work\repo\builder\tt\output\tbuild\candidates\devtools\builder\2016-03-29-0527.YANNIS\debug\features\com.tibco.devtools.builder_2.1.0.DEV-2016-03-25-0504-YANNIS" 
             destfile="E:\work\repo\builder\tt\output\tbuild\candidates\devtools\builder\2016-03-29-0527.YANNIS\jar\debug\features\com.tibco.devtools.builder_2.1.0.DEV-2016-03-25-0504-YANNIS.jar" />
    </target>

    <target name="-copy-and-zip-feature" 
            unless="express-build" >
        <copy todir="E:\work\repo\builder\tt\output\tbuild\candidates\devtools\builder\2016-03-29-0527.YANNIS\release\eclipse\features\com.tibco.devtools.builder_2.1.0.DEV-2016-03-25-0504-YANNIS" >
            <fileset dir="E:\work\repo\builder\tt\output\tbuild\candidates\devtools\builder\2016-03-29-0527.YANNIS\debug\features\com.tibco.devtools.builder_2.1.0.DEV-2016-03-25-0504-YANNIS" />
        </copy>
        <zip destfile="E:\work\repo\builder\tt\output\tbuild\candidates\devtools\builder\2016-03-29-0527.YANNIS\jar\release\features\com.tibco.devtools.builder_2.1.0.DEV-2016-03-25-0504-YANNIS.jar" 
             basedir="E:\work\repo\builder\tt\output\tbuild\candidates\devtools\builder\2016-03-29-0527.YANNIS\release\eclipse\features\com.tibco.devtools.builder_2.1.0.DEV-2016-03-25-0504-YANNIS" />
    </target>

    <target name="-gather-bin-parts-com.tibco.tpcl.proguard" 
            depends="-gather-bin-parts-com.tibco.tpcl.proguard-debug-extension,
	-gather-bin-parts-com.tibco.tpcl.proguard-debug-update,
	-gather-bin-parts-com.tibco.tpcl.proguard-release-update,
	-gather-bin-parts-com.tibco.tpcl.proguard-release-extension" />

    <target name="-gather-bin-parts-com.tibco.tpcl.proguard-debug-extension" >
        <ant target="gather.bin.parts" 
             antfile="build.xml" 
             dir="plugins\com.tibco.tpcl.proguard" >
            <property name="destination.temp.folder" 
                      location="E:\work\repo\builder\tt\output\tbuild\candidates\devtools\builder\2016-03-29-0527.YANNIS\debug\plugins" />
            <property name="os" 
                      value="*" />
            <property name="arch" 
                      value="*" />
            <property name="ws" 
                      value="*" />
        </ant>
    </target>

    <target unless="express-build" 
            name="-gather-bin-parts-com.tibco.tpcl.proguard-release-extension" >
        <unzip src="E:\work\repo\builder\tt\output\tbuild\candidates\devtools\builder\2016-03-29-0527.YANNIS\jar\release\plugins\com.tibco.tpcl.proguard_5.0.0.DEV-2016-03-25-0504-YANNIS.jar" 
               dest="E:\work\repo\builder\tt\output\tbuild\candidates\devtools\builder\2016-03-29-0527.YANNIS\release\eclipse\plugins\com.tibco.tpcl.proguard_5.0.0.DEV-2016-03-25-0504-YANNIS" />
    </target>

    <target name="-gather-bin-parts-com.tibco.tpcl.proguard-debug-update" >
        <zip basedir="E:\work\repo\builder\tt\output\tbuild\candidates\devtools\builder\2016-03-29-0527.YANNIS\debug\plugins\com.tibco.tpcl.proguard_5.0.0.DEV-2016-03-25-0504-YANNIS" 
             destfile="E:\work\repo\builder\tt\output\tbuild\candidates\devtools\builder\2016-03-29-0527.YANNIS\jar\debug\plugins\com.tibco.tpcl.proguard_5.0.0.DEV-2016-03-25-0504-YANNIS.jar" />
    </target>

    <target name="-gather-bin-parts-com.tibco.tpcl.proguard-release-update" 
            unless="express-build" 
            depends="-gather-bin-parts-com.tibco.tpcl.proguard-release-update-obfuscate" />

    <target name="-gather-bin-parts-com.tibco.tpcl.com.yworks.yguard" 
            depends="-gather-bin-parts-com.tibco.tpcl.com.yworks.yguard-debug-extension,
	-gather-bin-parts-com.tibco.tpcl.com.yworks.yguard-debug-update,
	-gather-bin-parts-com.tibco.tpcl.com.yworks.yguard-release-update,
	-gather-bin-parts-com.tibco.tpcl.com.yworks.yguard-release-extension" />

    <target name="-gather-bin-parts-com.tibco.tpcl.com.yworks.yguard-debug-extension" >
        <ant target="gather.bin.parts" 
             antfile="build.xml" 
             dir="plugins\com.tibco.tpcl.com.yworks.yguard" >
            <property name="destination.temp.folder" 
                      location="E:\work\repo\builder\tt\output\tbuild\candidates\devtools\builder\2016-03-29-0527.YANNIS\debug\plugins" />
            <property name="os" 
                      value="*" />
            <property value="*" 
                      name="arch" />
            <property name="ws" 
                      value="*" />
        </ant>
    </target>

    <target unless="express-build" 
            name="-gather-bin-parts-com.tibco.tpcl.com.yworks.yguard-release-extension" >
        <unzip dest="E:\work\repo\builder\tt\output\tbuild\candidates\devtools\builder\2016-03-29-0527.YANNIS\release\eclipse\plugins\com.tibco.tpcl.com.yworks.yguard_2.5.2.DEV-2016-03-25-0504-YANNIS" 
               src="E:\work\repo\builder\tt\output\tbuild\candidates\devtools\builder\2016-03-29-0527.YANNIS\jar\release\plugins\com.tibco.tpcl.com.yworks.yguard_2.5.2.DEV-2016-03-25-0504-YANNIS.jar" />
    </target>

    <target name="-gather-bin-parts-com.tibco.tpcl.com.yworks.yguard-debug-update" >
        <zip basedir="E:\work\repo\builder\tt\output\tbuild\candidates\devtools\builder\2016-03-29-0527.YANNIS\debug\plugins\com.tibco.tpcl.com.yworks.yguard_2.5.2.DEV-2016-03-25-0504-YANNIS" 
             destfile="E:\work\repo\builder\tt\output\tbuild\candidates\devtools\builder\2016-03-29-0527.YANNIS\jar\debug\plugins\com.tibco.tpcl.com.yworks.yguard_2.5.2.DEV-2016-03-25-0504-YANNIS.jar" />
    </target>

    <target depends="-gather-bin-parts-com.tibco.tpcl.com.yworks.yguard-release-update-obfuscate" 
            name="-gather-bin-parts-com.tibco.tpcl.com.yworks.yguard-release-update" 
            unless="express-build" />

    <target name="-gather-bin-parts-com.tibco.devtools.buildscripts" 
            depends="-gather-bin-parts-com.tibco.devtools.buildscripts-debug-extension,
	-gather-bin-parts-com.tibco.devtools.buildscripts-debug-update,
	-gather-bin-parts-com.tibco.devtools.buildscripts-release-update,
	-gather-bin-parts-com.tibco.devtools.buildscripts-release-extension" />

    <target name="-gather-bin-parts-com.tibco.devtools.buildscripts-debug-extension" >
        <ant dir="plugins\com.tibco.devtools.buildscripts" 
             antfile="build.xml" 
             target="gather.bin.parts" >
            <property location="E:\work\repo\builder\tt\output\tbuild\candidates\devtools\builder\2016-03-29-0527.YANNIS\debug\plugins" 
                      name="destination.temp.folder" />
            <property value="*" 
                      name="os" />
            <property name="arch" 
                      value="*" />
            <property name="ws" 
                      value="*" />
        </ant>
        <zip destfile="E:\work\repo\builder\tt\output\tbuild\candidates\devtools\builder\2016-03-29-0527.YANNIS\debug\plugins\com.tibco.devtools.buildscripts_1.1.0.DEV-2016-03-25-0504-YANNIS.jar" 
             basedir="E:\work\repo\builder\tt\output\tbuild\candidates\devtools\builder\2016-03-29-0527.YANNIS\debug\plugins\com.tibco.devtools.buildscripts_1.1.0.DEV-2016-03-25-0504-YANNIS" />
        <delete dir="E:\work\repo\builder\tt\output\tbuild\candidates\devtools\builder\2016-03-29-0527.YANNIS\debug\plugins\com.tibco.devtools.buildscripts_1.1.0.DEV-2016-03-25-0504-YANNIS" />
    </target>

    <target name="-gather-bin-parts-com.tibco.devtools.buildscripts-release-extension" 
            unless="express-build" >
        <copy todir="E:\work\repo\builder\tt\output\tbuild\candidates\devtools\builder\2016-03-29-0527.YANNIS\release\eclipse\plugins" 
              file="E:\work\repo\builder\tt\output\tbuild\candidates\devtools\builder\2016-03-29-0527.YANNIS\jar\release\plugins\com.tibco.devtools.buildscripts_1.1.0.DEV-2016-03-25-0504-YANNIS.jar" />
    </target>

    <target name="-gather-bin-parts-com.tibco.devtools.buildscripts-debug-update" >
        <copy file="E:\work\repo\builder\tt\output\tbuild\candidates\devtools\builder\2016-03-29-0527.YANNIS\debug\plugins\com.tibco.devtools.buildscripts_1.1.0.DEV-2016-03-25-0504-YANNIS.jar" 
              tofile="E:\work\repo\builder\tt\output\tbuild\candidates\devtools\builder\2016-03-29-0527.YANNIS\jar\debug\plugins\com.tibco.devtools.buildscripts_1.1.0.DEV-2016-03-25-0504-YANNIS.jar" />
    </target>

    <target unless="express-build" 
            depends="-gather-bin-parts-com.tibco.devtools.buildscripts-release-update-obfuscate" 
            name="-gather-bin-parts-com.tibco.devtools.buildscripts-release-update" />

    <target name="-gather-bin-parts-com.tibco.devtools.builder-release-extension-precopy" >
        <copy todir="E:\work\repo\builder\tt\output\tbuild\candidates\devtools\builder\2016-03-29-0527.YANNIS\release\eclipse\plugins\com.tibco.devtools.builder_2.1.0.DEV-2016-03-25-0504-YANNIS" >
            <fileset dir="E:\work\repo\builder\tt\output\tbuild\candidates\devtools\builder\2016-03-29-0527.YANNIS\debug\plugins\com.tibco.devtools.builder_2.1.0.DEV-2016-03-25-0504-YANNIS" />
        </copy>
        <delete file="E:\work\repo\builder\tt\output\tbuild\candidates\devtools\builder\2016-03-29-0527.YANNIS\release\eclipse\plugins\com.tibco.devtools.builder_2.1.0.DEV-2016-03-25-0504-YANNIS\builder-core.jar" />
        <delete file="E:\work\repo\builder\tt\output\tbuild\candidates\devtools\builder\2016-03-29-0527.YANNIS\release\eclipse\plugins\com.tibco.devtools.builder_2.1.0.DEV-2016-03-25-0504-YANNIS\builder-ant.jar" />
    </target>

    <target name="-gather-bin-parts-com.tibco.devtools.builder" 
            depends="-gather-bin-parts-com.tibco.devtools.builder-debug-extension,
	-gather-bin-parts-com.tibco.devtools.builder-debug-update,
	-gather-bin-parts-com.tibco.devtools.builder-release-extension,
	-gather-bin-parts-com.tibco.devtools.builder-release-update" />

    <target name="-gather-bin-parts-com.tibco.devtools.builder-debug-extension" >
        <ant antfile="build.xml" 
             target="gather.bin.parts" 
             dir="plugins\com.tibco.devtools.builder" >
            <property name="destination.temp.folder" 
                      location="E:\work\repo\builder\tt\output\tbuild\candidates\devtools\builder\2016-03-29-0527.YANNIS\debug\plugins" />
            <property value="*" 
                      name="os" />
            <property name="arch" 
                      value="*" />
            <property value="*" 
                      name="ws" />
        </ant>
    </target>

    <target unless="express-build" 
            name="-gather-bin-parts-com.tibco.devtools.builder-release-extension" 
            depends="-gather-bin-parts-com.tibco.devtools.builder-release-extension-precopy, -gather-bin-parts-com.tibco.devtools.builder-release-extension-obfuscate" />

    <target name="-gather-bin-parts-com.tibco.devtools.builder-debug-update" >
        <zip basedir="E:\work\repo\builder\tt\output\tbuild\candidates\devtools\builder\2016-03-29-0527.YANNIS\debug\plugins\com.tibco.devtools.builder_2.1.0.DEV-2016-03-25-0504-YANNIS" 
             destfile="E:\work\repo\builder\tt\output\tbuild\candidates\devtools\builder\2016-03-29-0527.YANNIS\jar\debug\plugins\com.tibco.devtools.builder_2.1.0.DEV-2016-03-25-0504-YANNIS.jar" />
    </target>

    <target name="-gather-bin-parts-com.tibco.devtools.builder-release-update" 
            unless="express-build" >
        <zip basedir="E:\work\repo\builder\tt\output\tbuild\candidates\devtools\builder\2016-03-29-0527.YANNIS\release\eclipse\plugins\com.tibco.devtools.builder_2.1.0.DEV-2016-03-25-0504-YANNIS" 
             destfile="E:\work\repo\builder\tt\output\tbuild\candidates\devtools\builder\2016-03-29-0527.YANNIS\jar\release\plugins\com.tibco.devtools.builder_2.1.0.DEV-2016-03-25-0504-YANNIS.jar" />
    </target>

    <target name="gather.bin.parts-*_*_*" 
            depends="-gather-bin-parts-com.tibco.tpcl.proguard,
	-gather-bin-parts-com.tibco.tpcl.com.yworks.yguard,
	-gather-bin-parts-com.tibco.devtools.buildscripts,
	-gather-bin-parts-com.tibco.devtools.builder" />

    <target name="assemble-*_*_*" 
            depends="-assemble-features-*_*_*, -copy-and-zip-feature, gather.bin.parts-*_*_*" />

    <target name="assemble" 
            depends="-make-output-directories,
	assemble-*_*_*,
	-copy-feature-to-local-site-release,
	-copy-feature-to-local-site-debug" />

    <target name="clean" >
        <delete file="E:\builder-2.0\assemble.xml" />
        <delete file="E:\builder-2.0\obfuscation.xml" />
        <delete >
            <fileset includes="build.xml, **/*.args" 
                     dir="E:\builder-2.0\plugins\com.tibco.tpcl.proguard" />
            <fileset dir="E:\builder-2.0\plugins\com.tibco.tpcl.com.yworks.yguard" 
                     includes="build.xml, **/*.args" />
            <fileset includes="build.xml, **/*.args" 
                     dir="E:\builder-2.0\plugins\com.tibco.devtools.buildscripts" />
            <fileset includes="build.xml, **/*.args" 
                     dir="E:\builder-2.0\plugins\com.tibco.devtools.builder" />
        </delete>
    </target>

    <target unless="express-build" 
            name="-copy-feature-to-local-site-release" >
        <copy todir="E:\work\repo\builder\tt\output\tbuild\workspaceInstaller\local-builds-site\features" 
              file="E:\work\repo\builder\tt\output\tbuild\candidates\devtools\builder\2016-03-29-0527.YANNIS\jar\release\features\com.tibco.devtools.builder_2.1.0.DEV-2016-03-25-0504-YANNIS.jar" />
        <copy file="E:\work\repo\builder\tt\output\tbuild\candidates\devtools\builder\2016-03-29-0527.YANNIS\jar\release\plugins\com.tibco.tpcl.proguard_5.0.0.DEV-2016-03-25-0504-YANNIS.jar" 
              todir="E:\work\repo\builder\tt\output\tbuild\workspaceInstaller\local-builds-site\plugins" />
        <copy file="E:\work\repo\builder\tt\output\tbuild\candidates\devtools\builder\2016-03-29-0527.YANNIS\jar\release\plugins\com.tibco.tpcl.com.yworks.yguard_2.5.2.DEV-2016-03-25-0504-YANNIS.jar" 
              todir="E:\work\repo\builder\tt\output\tbuild\workspaceInstaller\local-builds-site\plugins" />
        <copy file="E:\work\repo\builder\tt\output\tbuild\candidates\devtools\builder\2016-03-29-0527.YANNIS\jar\release\plugins\com.tibco.devtools.buildscripts_1.1.0.DEV-2016-03-25-0504-YANNIS.jar" 
              todir="E:\work\repo\builder\tt\output\tbuild\workspaceInstaller\local-builds-site\plugins" />
        <copy todir="E:\work\repo\builder\tt\output\tbuild\workspaceInstaller\local-builds-site\plugins" 
              file="E:\work\repo\builder\tt\output\tbuild\candidates\devtools\builder\2016-03-29-0527.YANNIS\jar\release\plugins\com.tibco.devtools.builder_2.1.0.DEV-2016-03-25-0504-YANNIS.jar" />
    </target>

    <target name="-copy-feature-to-local-site-debug" >
        <copy todir="E:\work\repo\builder\tt\output\tbuild\workspaceInstaller\local-builds-site-debug\features" 
              file="E:\work\repo\builder\tt\output\tbuild\candidates\devtools\builder\2016-03-29-0527.YANNIS\jar\debug\features\com.tibco.devtools.builder_2.1.0.DEV-2016-03-25-0504-YANNIS.jar" />
        <copy todir="E:\work\repo\builder\tt\output\tbuild\workspaceInstaller\local-builds-site-debug\plugins" 
              file="E:\work\repo\builder\tt\output\tbuild\candidates\devtools\builder\2016-03-29-0527.YANNIS\jar\debug\plugins\com.tibco.tpcl.proguard_5.0.0.DEV-2016-03-25-0504-YANNIS.jar" />
        <copy todir="E:\work\repo\builder\tt\output\tbuild\workspaceInstaller\local-builds-site-debug\plugins" 
              file="E:\work\repo\builder\tt\output\tbuild\candidates\devtools\builder\2016-03-29-0527.YANNIS\jar\debug\plugins\com.tibco.tpcl.com.yworks.yguard_2.5.2.DEV-2016-03-25-0504-YANNIS.jar" />
        <copy todir="E:\work\repo\builder\tt\output\tbuild\workspaceInstaller\local-builds-site-debug\plugins" 
              file="E:\work\repo\builder\tt\output\tbuild\candidates\devtools\builder\2016-03-29-0527.YANNIS\jar\debug\plugins\com.tibco.devtools.buildscripts_1.1.0.DEV-2016-03-25-0504-YANNIS.jar" />
        <copy todir="E:\work\repo\builder\tt\output\tbuild\workspaceInstaller\local-builds-site-debug\plugins" 
              file="E:\work\repo\builder\tt\output\tbuild\candidates\devtools\builder\2016-03-29-0527.YANNIS\jar\debug\plugins\com.tibco.devtools.builder_2.1.0.DEV-2016-03-25-0504-YANNIS.jar" />
    </target>
</project>
