<?xml version='1.0' encoding='UTF-8'?>
<project name="obfuscate-com.tibco.devtools.builder_2.1.0.DEV-2016-03-25-0504-YANNIS" 
         basedir="." 
         default="obfuscate" >
    <patternset id="yguard.preserve.serialization.pattern" >
        <include name="com.tibco.**" />
    </patternset>

    <target name="-gather-bin-parts-com.tibco.tpcl.proguard-release-update-obfuscate" >
        <copy file="E:\work\repo\builder\tt\output\tbuild\candidates\devtools\builder\2016-03-29-0527.YANNIS\jar\debug\plugins\com.tibco.tpcl.proguard_5.0.0.DEV-2016-03-25-0504-YANNIS.jar" 
              tofile="E:\work\repo\builder\tt\output\tbuild\candidates\devtools\builder\2016-03-29-0527.YANNIS\jar\release\plugins\com.tibco.tpcl.proguard_5.0.0.DEV-2016-03-25-0504-YANNIS.jar" />
        <echo message="com.tibco.tpcl.proguard_5.0.0.DEV-2016-03-25-0504-YANNIS IS_NOT_OBFUSCATED" 
              level="warning" 
              append="false" 
              file="E:\work\repo\builder\tt\output\tbuild\candidates\devtools\builder\2016-03-29-0527.YANNIS\jar\release\plugins\com.tibco.tpcl.proguard_5.0.0.DEV-2016-03-25-0504-YANNIS.IS_NOT_OBFUSCATED" />
    </target>

    <target name="-gather-bin-parts-com.tibco.tpcl.com.yworks.yguard-release-update-obfuscate" >
        <copy tofile="E:\work\repo\builder\tt\output\tbuild\candidates\devtools\builder\2016-03-29-0527.YANNIS\jar\release\plugins\com.tibco.tpcl.com.yworks.yguard_2.5.2.DEV-2016-03-25-0504-YANNIS.jar" 
              file="E:\work\repo\builder\tt\output\tbuild\candidates\devtools\builder\2016-03-29-0527.YANNIS\jar\debug\plugins\com.tibco.tpcl.com.yworks.yguard_2.5.2.DEV-2016-03-25-0504-YANNIS.jar" />
        <echo message="com.tibco.tpcl.com.yworks.yguard_2.5.2.DEV-2016-03-25-0504-YANNIS IS_NOT_OBFUSCATED" 
              level="warning" 
              file="E:\work\repo\builder\tt\output\tbuild\candidates\devtools\builder\2016-03-29-0527.YANNIS\jar\release\plugins\com.tibco.tpcl.com.yworks.yguard_2.5.2.DEV-2016-03-25-0504-YANNIS.IS_NOT_OBFUSCATED" 
              append="false" />
    </target>

    <target name="-gather-bin-parts-com.tibco.devtools.buildscripts-release-update-obfuscate" >
        <yguard2 >
            <inoutpair out="E:\work\repo\builder\tt\output\tbuild\candidates\devtools\builder\2016-03-29-0527.YANNIS\jar\release\plugins\com.tibco.devtools.buildscripts_1.1.0.DEV-2016-03-25-0504-YANNIS.jar" 
                       in="E:\work\repo\builder\tt\output\tbuild\candidates\devtools\builder\2016-03-29-0527.YANNIS\jar\debug\plugins\com.tibco.devtools.buildscripts_1.1.0.DEV-2016-03-25-0504-YANNIS.jar" />
            <externalclasses >
                <pathelement location="F:\worksoftware\Java\jdk1.6.0_31\jre\lib/rt.jar" />
                <pathelement location="F:\worksoftware\Java\jdk1.6.0_31\jre\lib/jsse.jar" />
                <pathelement location="F:\worksoftware\Java\jdk1.6.0_31\jre\lib/jce.jar" />
            </externalclasses>
            <rename replaceClassNameStrings="true" 
                    logfile="E:\builder-2.0\build-artifacts\yguard2-com.tibco.devtools.buildscripts_1.1.0.DEV-2016-03-25-0504-YANNIS.map.gz" 
                    conservemanifest="true" >
                <property name="error-checking" 
                          value="pedantic" />
                <property value="mix" 
                          name="naming-scheme" />
                <property value="com.tibco.devtools.buildscripts" 
                          name="obfuscation-prefix" />
                <property name="expose-attributes" 
                          value="Deprecated" />
                <keep runtimeinvisibleannotations="false" 
                      linenumbertable="true" 
                      runtimevisibleparameterannotations="true" 
                      localvariabletable="false" 
                      runtimevisibleannotations="true" 
                      runtimeinvisibleparameterannotations="false" 
                      sourcefile="true" 
                      localvariabletypetable="false" >
                    <class fields="protected" 
                           classes="public" 
                           methods="protected" >
                        <patternset >
                            <include name="com.tibco.devtools.buildscripts.*" />
                            <include name="com.tibco.devtools.buildscripts.resources.*" />
                            <include name="com.tibco.devtools.buildscripts.selectors.*" />
                            <include name="com.tibco.devtools.buildscripts.tasks.*" />
                            <include name="com.tibco.devtools.buildscripts.tasks.optional.*" />
                            <include name="com.tibco.devtools.buildscripts.tasks.proguard.*" />
                            <include name="com.tibco.devtools.buildscripts.tasks.yguard.*" />
                        </patternset>
                    </class>
                    <class methods="protected" 
                           implements="java.io.Serializable" 
                           fields="private" />
                    <field name="serialVersionUID" >
                        <patternset refid="yguard.preserve.serialization.pattern" />
                    </field>
                    <method name="void writeObject(java.io.ObjectOutputStream)" >
                        <patternset refid="yguard.preserve.serialization.pattern" />
                    </method>
                    <method name="void readObject(java.io.ObjectInputStream)" >
                        <patternset refid="yguard.preserve.serialization.pattern" />
                    </method>
                    <method name="java.lang.Object writeReplace()" >
                        <patternset refid="yguard.preserve.serialization.pattern" />
                    </method>
                    <method name="java.lang.Object readResolve()" >
                        <patternset refid="yguard.preserve.serialization.pattern" />
                    </method>
                    <method name="void readObjectNoData()" >
                        <patternset refid="yguard.preserve.serialization.pattern" />
                    </method>
                </keep>
            </rename>
        </yguard2>
    </target>

    <target name="-gather-bin-parts-com.tibco.devtools.builder-release-extension-obfuscate" >
        <yguard2 >
            <inoutpair in="E:\work\repo\builder\tt\output\tbuild\candidates\devtools\builder\2016-03-29-0527.YANNIS\debug\plugins\com.tibco.devtools.builder_2.1.0.DEV-2016-03-25-0504-YANNIS\builder-core.jar" 
                       out="E:\work\repo\builder\tt\output\tbuild\candidates\devtools\builder\2016-03-29-0527.YANNIS\release\eclipse\plugins\com.tibco.devtools.builder_2.1.0.DEV-2016-03-25-0504-YANNIS\builder-core.jar" />
            <inoutpair in="E:\work\repo\builder\tt\output\tbuild\candidates\devtools\builder\2016-03-29-0527.YANNIS\debug\plugins\com.tibco.devtools.builder_2.1.0.DEV-2016-03-25-0504-YANNIS\builder-ant.jar" 
                       out="E:\work\repo\builder\tt\output\tbuild\candidates\devtools\builder\2016-03-29-0527.YANNIS\release\eclipse\plugins\com.tibco.devtools.builder_2.1.0.DEV-2016-03-25-0504-YANNIS\builder-ant.jar" />
            <externalclasses >
                <pathelement location="F:\worksoftware\Java\jdk1.6.0_31\jre\lib/rt.jar" />
                <pathelement location="F:\worksoftware\Java\jdk1.6.0_31\jre\lib/jsse.jar" />
                <pathelement location="F:\worksoftware\Java\jdk1.6.0_31\jre\lib/jce.jar" />
                <pathelement location="E:\work\repo\builder\tt\tools\eclipse-sdk-3.7.2\plugins\org.eclipse.pde.build_3.7.0.v20111116-2009\pdebuild.jar" />
                <pathelement location="E:\work\repo\builder\tt\tools\eclipse-sdk-3.7.2\plugins\org.eclipse.core.runtime_3.7.0.v20110110.jar" />
                <pathelement location="E:\work\repo\builder\tt\tools\eclipse-sdk-3.7.2\plugins\org.eclipse.osgi_3.7.2.v20120110-1415.jar" />
                <pathelement location="E:\work\repo\builder\tt\tools\eclipse-sdk-3.7.2\plugins\org.eclipse.equinox.common_3.6.0.v20110523.jar" />
                <pathelement location="E:\work\repo\builder\tt\tools\eclipse-sdk-3.7.2\plugins\org.eclipse.core.jobs_3.5.101.v20120113-1953.jar" />
                <pathelement location="E:\work\repo\builder\tt\tools\eclipse-sdk-3.7.2\plugins\org.eclipse.equinox.registry_3.5.101.R37x_v20110810-1611.jar" />
                <pathelement location="E:\work\repo\builder\tt\tools\eclipse-sdk-3.7.2\plugins\org.eclipse.core.runtime.compatibility.registry_3.5.0.v20110505\runtime_registry_compatibility.jar" />
                <pathelement location="E:\work\repo\builder\tt\tools\eclipse-sdk-3.7.2\plugins\org.eclipse.equinox.preferences_3.4.2.v20120111-2020.jar" />
                <pathelement location="E:\work\repo\builder\tt\tools\eclipse-sdk-3.7.2\plugins\org.eclipse.core.contenttype_3.4.100.v20110423-0524.jar" />
                <pathelement location="E:\work\repo\builder\tt\tools\eclipse-sdk-3.7.2\plugins\org.eclipse.core.runtime.compatibility.auth_3.2.200.v20110110.jar" />
                <pathelement location="E:\work\repo\builder\tt\tools\eclipse-sdk-3.7.2\plugins\org.eclipse.equinox.app_1.3.100.v20110321.jar" />
                <pathelement location="E:\work\repo\builder\tt\tools\eclipse-sdk-3.7.2\plugins\org.eclipse.osgi.services_3.3.0.v20110513.jar" />
                <pathelement location="E:\work\repo\builder\tt\tools\eclipse-sdk-3.7.2\plugins\javax.servlet_2.5.0.v201103041518.jar" />
                <pathelement location="E:\work\repo\builder\tt\tools\eclipse-sdk-3.7.2\plugins\org.eclipse.ant.core_3.2.302.v20120110-1739.jar" />
                <pathelement location="E:\work\repo\builder\tt\tools\eclipse-sdk-3.7.2\plugins\org.eclipse.core.variables_3.2.500.v20110928-1503.jar" />
                <pathelement location="E:\work\repo\builder\tt\tools\eclipse-sdk-3.7.2\plugins\org.eclipse.core.runtime.compatibility_3.2.100.v20100505.jar" />
                <pathelement location="E:\work\repo\builder\tt\tools\eclipse-sdk-3.7.2\plugins\org.eclipse.update.configurator_3.3.100.v20100512.jar" />
                <pathelement location="E:\work\repo\builder\tt\tools\eclipse-sdk-3.7.2\plugins\org.eclipse.equinox.p2.jarprocessor_1.0.200.v20110815-1438.jar" />
                <pathelement location="E:\work\repo\builder\tt\tools\eclipse-sdk-3.7.2\plugins\org.eclipse.equinox.p2.publisher_1.2.0.v20110815-1419.jar" />
                <pathelement location="E:\work\repo\builder\tt\tools\eclipse-sdk-3.7.2\plugins\org.eclipse.equinox.p2.artifact.repository_1.1.101.v20110815-1419.jar" />
                <pathelement location="E:\work\repo\builder\tt\tools\eclipse-sdk-3.7.2\plugins\org.eclipse.equinox.p2.metadata_2.1.0.v20110815-1419.jar" />
                <pathelement location="E:\work\repo\builder\tt\tools\eclipse-sdk-3.7.2\plugins\org.eclipse.equinox.p2.core_2.1.1.v20120113-1346.jar" />
                <pathelement location="E:\work\repo\builder\tt\tools\eclipse-sdk-3.7.2\plugins\org.eclipse.equinox.p2.repository_2.1.1.v20120113-1346.jar" />
                <pathelement location="E:\work\repo\builder\tt\tools\eclipse-sdk-3.7.2\plugins\org.eclipse.equinox.security_1.1.1.R37x_v20110822-1018.jar" />
                <pathelement location="E:\work\repo\builder\tt\tools\eclipse-sdk-3.7.2\plugins\org.eclipse.equinox.security.win32.x86_64_1.0.0.v20110502.jar" />
                <pathelement location="E:\work\repo\builder\tt\tools\eclipse-sdk-3.7.2\plugins\org.eclipse.equinox.p2.metadata.repository_1.2.0.v20110815-1419.jar" />
                <pathelement location="E:\work\repo\builder\tt\tools\eclipse-sdk-3.7.2\plugins\org.eclipse.equinox.p2.repository.tools_2.0.100.v20110815-1438.jar" />
                <pathelement location="E:\work\repo\builder\tt\tools\eclipse-sdk-3.7.2\plugins\org.eclipse.equinox.p2.director_2.1.1.v20111126-0211.jar" />
                <pathelement location="E:\work\repo\builder\tt\tools\eclipse-sdk-3.7.2\plugins\org.sat4j.core_2.3.0.v20110329.jar" />
                <pathelement location="E:\work\repo\builder\tt\tools\eclipse-sdk-3.7.2\plugins\org.sat4j.pb_2.3.0.v20110329.jar" />
                <pathelement location="E:\work\repo\builder\tt\tools\eclipse-sdk-3.7.2\plugins\org.eclipse.equinox.simpleconfigurator_1.0.200.v20110815-1438.jar" />
                <pathelement location="E:\work\repo\builder\tt\tools\eclipse-sdk-3.7.2\plugins\org.eclipse.equinox.p2.engine_2.1.1.R37x_v20111003.jar" />
                <pathelement location="E:\work\repo\builder\tt\tools\eclipse-sdk-3.7.2\plugins\org.eclipse.equinox.p2.publisher.eclipse_1.0.0.v20110815-1438\pdepublishing.jar" />
                <pathelement location="E:\work\repo\builder\tt\tools\eclipse-sdk-3.7.2\plugins\org.eclipse.equinox.frameworkadmin_2.0.0.v20110815-1438.jar" />
                <pathelement location="E:\work\repo\builder\tt\tools\eclipse-sdk-3.7.2\plugins\org.eclipse.equinox.frameworkadmin.equinox_1.0.300.v20110815-1438.jar" />
                <pathelement location="E:\work\repo\builder\tt\tools\eclipse-sdk-3.7.2\plugins\org.eclipse.equinox.simpleconfigurator.manipulator_2.0.0.v20110815-1438.jar" />
                <pathelement location="E:\work\repo\builder\tt\tools\eclipse-sdk-3.7.2\plugins\org.eclipse.equinox.p2.director.app_1.0.300.v20111126-0153.jar" />
                <pathelement location="E:\work\repo\builder\tt\tools\eclipse-sdk-3.7.2\plugins\com.ibm.icu_4.4.2.v20110823.jar" />
                <pathelement location="E:\work\repo\builder\tt\tools\eclipse-sdk-3.7.2\plugins\org.eclipse.equinox.p2.updatesite_1.0.300.v20110815-1419.jar" />
                <pathelement location="E:\work\repo\builder\tt\output\tbuild\candidates\devtools\builder\2016-03-29-0527.YANNIS\release\eclipse\plugins\com.tibco.devtools.buildscripts_1.1.0.DEV-2016-03-25-0504-YANNIS.jar" />
                <pathelement location="E:\work\repo\builder\tt\tools\eclipse-sdk-3.7.2\plugins\org.apache.ant_1.8.2.v20120109-1030\lib\ant-antlr.jar" />
                <pathelement location="E:\work\repo\builder\tt\tools\eclipse-sdk-3.7.2\plugins\org.apache.ant_1.8.2.v20120109-1030\lib\ant-apache-bcel.jar" />
                <pathelement location="E:\work\repo\builder\tt\tools\eclipse-sdk-3.7.2\plugins\org.apache.ant_1.8.2.v20120109-1030\lib\ant-apache-bsf.jar" />
                <pathelement location="E:\work\repo\builder\tt\tools\eclipse-sdk-3.7.2\plugins\org.apache.ant_1.8.2.v20120109-1030\lib\ant-apache-log4j.jar" />
                <pathelement location="E:\work\repo\builder\tt\tools\eclipse-sdk-3.7.2\plugins\org.apache.ant_1.8.2.v20120109-1030\lib\ant-apache-oro.jar" />
                <pathelement location="E:\work\repo\builder\tt\tools\eclipse-sdk-3.7.2\plugins\org.apache.ant_1.8.2.v20120109-1030\lib\ant-apache-regexp.jar" />
                <pathelement location="E:\work\repo\builder\tt\tools\eclipse-sdk-3.7.2\plugins\org.apache.ant_1.8.2.v20120109-1030\lib\ant-apache-resolver.jar" />
                <pathelement location="E:\work\repo\builder\tt\tools\eclipse-sdk-3.7.2\plugins\org.apache.ant_1.8.2.v20120109-1030\lib\ant-apache-xalan2.jar" />
                <pathelement location="E:\work\repo\builder\tt\tools\eclipse-sdk-3.7.2\plugins\org.apache.ant_1.8.2.v20120109-1030\lib\ant-commons-logging.jar" />
                <pathelement location="E:\work\repo\builder\tt\tools\eclipse-sdk-3.7.2\plugins\org.apache.ant_1.8.2.v20120109-1030\lib\ant-commons-net.jar" />
                <pathelement location="E:\work\repo\builder\tt\tools\eclipse-sdk-3.7.2\plugins\org.apache.ant_1.8.2.v20120109-1030\lib\ant-jai.jar" />
                <pathelement location="E:\work\repo\builder\tt\tools\eclipse-sdk-3.7.2\plugins\org.apache.ant_1.8.2.v20120109-1030\lib\ant-javamail.jar" />
                <pathelement location="E:\work\repo\builder\tt\tools\eclipse-sdk-3.7.2\plugins\org.apache.ant_1.8.2.v20120109-1030\lib\ant-jdepend.jar" />
                <pathelement location="E:\work\repo\builder\tt\tools\eclipse-sdk-3.7.2\plugins\org.apache.ant_1.8.2.v20120109-1030\lib\ant-jmf.jar" />
                <pathelement location="E:\work\repo\builder\tt\tools\eclipse-sdk-3.7.2\plugins\org.apache.ant_1.8.2.v20120109-1030\lib\ant-jsch.jar" />
                <pathelement location="E:\work\repo\builder\tt\tools\eclipse-sdk-3.7.2\plugins\org.apache.ant_1.8.2.v20120109-1030\lib\ant-junit.jar" />
                <pathelement location="E:\work\repo\builder\tt\tools\eclipse-sdk-3.7.2\plugins\org.apache.ant_1.8.2.v20120109-1030\lib\ant-junit4.jar" />
                <pathelement location="E:\work\repo\builder\tt\tools\eclipse-sdk-3.7.2\plugins\org.apache.ant_1.8.2.v20120109-1030\lib\ant-launcher.jar" />
                <pathelement location="E:\work\repo\builder\tt\tools\eclipse-sdk-3.7.2\plugins\org.apache.ant_1.8.2.v20120109-1030\lib\ant-netrexx.jar" />
                <pathelement location="E:\work\repo\builder\tt\tools\eclipse-sdk-3.7.2\plugins\org.apache.ant_1.8.2.v20120109-1030\lib\ant-swing.jar" />
                <pathelement location="E:\work\repo\builder\tt\tools\eclipse-sdk-3.7.2\plugins\org.apache.ant_1.8.2.v20120109-1030\lib\ant-testutil.jar" />
                <pathelement location="E:\work\repo\builder\tt\tools\eclipse-sdk-3.7.2\plugins\org.apache.ant_1.8.2.v20120109-1030\lib\ant.jar" />
            </externalclasses>
            <rename replaceClassNameStrings="true" 
                    logfile="E:\builder-2.0\build-artifacts\yguard2-com.tibco.devtools.builder_2.1.0.DEV-2016-03-25-0504-YANNIS.map.gz" 
                    conservemanifest="true" >
                <property name="error-checking" 
                          value="pedantic" />
                <property value="mix" 
                          name="naming-scheme" />
                <property value="com.tibco.devtools.builder" 
                          name="obfuscation-prefix" />
                <property name="expose-attributes" 
                          value="Deprecated" />
                <keep linenumbertable="true" 
                      localvariabletypetable="false" 
                      runtimeinvisibleannotations="false" 
                      runtimeinvisibleparameterannotations="false" 
                      localvariabletable="false" 
                      runtimevisibleparameterannotations="true" 
                      runtimevisibleannotations="true" 
                      sourcefile="true" >
                    <class fields="protected" 
                           classes="public" 
                           methods="protected" >
                        <patternset >
                            <include name="com.tibco.devtools.builder.*" />
                            <include name="com.tibco.devtools.builder.codegen.*" />
                            <include name="com.tibco.devtools.builder.codegen.utility.*" />
                            <include name="com.tibco.devtools.builder.generators.*" />
                            <include name="com.tibco.devtools.builder.task.*" />
                            <include name="com.tibco.devtools.builder.task.codegen.*" />
                            <include name="com.tibco.devtools.builder.utilities.*" />
                        </patternset>
                    </class>
                    <class fields="private" 
                           methods="protected" 
                           implements="java.io.Serializable" />
                    <field name="serialVersionUID" >
                        <patternset refid="yguard.preserve.serialization.pattern" />
                    </field>
                    <method name="void writeObject(java.io.ObjectOutputStream)" >
                        <patternset refid="yguard.preserve.serialization.pattern" />
                    </method>
                    <method name="void readObject(java.io.ObjectInputStream)" >
                        <patternset refid="yguard.preserve.serialization.pattern" />
                    </method>
                    <method name="java.lang.Object writeReplace()" >
                        <patternset refid="yguard.preserve.serialization.pattern" />
                    </method>
                    <method name="java.lang.Object readResolve()" >
                        <patternset refid="yguard.preserve.serialization.pattern" />
                    </method>
                    <method name="void readObjectNoData()" >
                        <patternset refid="yguard.preserve.serialization.pattern" />
                    </method>
                </keep>
            </rename>
        </yguard2>
    </target>
</project>
