<?xml version='1.0' encoding='UTF-8'?>
<project default="assemble" 
         basedir="." 
         name="com.tibco.tct.fos.feature" >
    <import file="E:\tct1\obfuscation.xml" />

    <target name="-make-output-directories" >
        <mkdir dir="E:\work\repo\builder\tt\output\tbuild\candidates\amxext\tools\FOS\2016-03-29-0629.YANNIS\debug\features" />
        <mkdir dir="E:\work\repo\builder\tt\output\tbuild\candidates\amxext\tools\FOS\2016-03-29-0629.YANNIS\debug\plugins" />
        <echo append="false" 
              file="E:\work\repo\builder\tt\output\tbuild\candidates\amxext\tools\FOS\2016-03-29-0629.YANNIS\debug\.eclipseextension" />
        <mkdir dir="E:\work\repo\builder\tt\output\tbuild\candidates\amxext\tools\FOS\2016-03-29-0629.YANNIS\release\eclipse\features" />
        <mkdir dir="E:\work\repo\builder\tt\output\tbuild\candidates\amxext\tools\FOS\2016-03-29-0629.YANNIS\release\eclipse\plugins" />
        <echo file="E:\work\repo\builder\tt\output\tbuild\candidates\amxext\tools\FOS\2016-03-29-0629.YANNIS\release\eclipse\.eclipseextension" 
              append="false" />
        <mkdir dir="E:\work\repo\builder\tt\output\tbuild\candidates\amxext\tools\FOS\2016-03-29-0629.YANNIS\jar\debug\features" />
        <mkdir dir="E:\work\repo\builder\tt\output\tbuild\candidates\amxext\tools\FOS\2016-03-29-0629.YANNIS\jar\debug\plugins" />
        <mkdir dir="E:\work\repo\builder\tt\output\tbuild\candidates\amxext\tools\FOS\2016-03-29-0629.YANNIS\jar\release\features" />
        <mkdir dir="E:\work\repo\builder\tt\output\tbuild\candidates\amxext\tools\FOS\2016-03-29-0629.YANNIS\jar\release\plugins" />
    </target>

    <target name="-assemble-features-*_*_*" >
        <ant antfile="build.xml" 
             target="gather.bin.parts" 
             dir="features\com.tibco.tct.fos.feature" >
            <property location="E:\work\repo\builder\tt\output\tbuild\candidates\amxext\tools\FOS\2016-03-29-0629.YANNIS\debug" 
                      name="feature.base" />
            <property name="os" 
                      value="*" />
            <property value="*" 
                      name="arch" />
            <property value="*" 
                      name="ws" />
        </ant>
        <zip basedir="E:\work\repo\builder\tt\output\tbuild\candidates\amxext\tools\FOS\2016-03-29-0629.YANNIS\debug\features\com.tibco.tct.fos.feature_1.1.0.DEV-2016-03-29-0629-YANNIS" 
             destfile="E:\work\repo\builder\tt\output\tbuild\candidates\amxext\tools\FOS\2016-03-29-0629.YANNIS\jar\debug\features\com.tibco.tct.fos.feature_1.1.0.DEV-2016-03-29-0629-YANNIS.jar" />
    </target>

    <target unless="express-build" 
            name="-copy-and-zip-feature" >
        <copy todir="E:\work\repo\builder\tt\output\tbuild\candidates\amxext\tools\FOS\2016-03-29-0629.YANNIS\release\eclipse\features\com.tibco.tct.fos.feature_1.1.0.DEV-2016-03-29-0629-YANNIS" >
            <fileset dir="E:\work\repo\builder\tt\output\tbuild\candidates\amxext\tools\FOS\2016-03-29-0629.YANNIS\debug\features\com.tibco.tct.fos.feature_1.1.0.DEV-2016-03-29-0629-YANNIS" />
        </copy>
        <zip destfile="E:\work\repo\builder\tt\output\tbuild\candidates\amxext\tools\FOS\2016-03-29-0629.YANNIS\jar\release\features\com.tibco.tct.fos.feature_1.1.0.DEV-2016-03-29-0629-YANNIS.jar" 
             basedir="E:\work\repo\builder\tt\output\tbuild\candidates\amxext\tools\FOS\2016-03-29-0629.YANNIS\release\eclipse\features\com.tibco.tct.fos.feature_1.1.0.DEV-2016-03-29-0629-YANNIS" />
    </target>

    <target depends="-gather-bin-parts-com.tibco.tct.fom.help.doc-debug-extension,
	-gather-bin-parts-com.tibco.tct.fom.help.doc-debug-update,
	-gather-bin-parts-com.tibco.tct.fom.help.doc-release-update,
	-gather-bin-parts-com.tibco.tct.fom.help.doc-release-extension" 
            name="-gather-bin-parts-com.tibco.tct.fom.help.doc" />

    <target name="-gather-bin-parts-com.tibco.tct.fom.help.doc-debug-extension" >
        <ant dir="plugins\com.tibco.tct.fom.help.doc" 
             target="gather.bin.parts" 
             antfile="build.xml" >
            <property location="E:\work\repo\builder\tt\output\tbuild\candidates\amxext\tools\FOS\2016-03-29-0629.YANNIS\debug\plugins" 
                      name="destination.temp.folder" />
            <property value="*" 
                      name="os" />
            <property value="*" 
                      name="arch" />
            <property name="ws" 
                      value="*" />
        </ant>
    </target>

    <target unless="express-build" 
            name="-gather-bin-parts-com.tibco.tct.fom.help.doc-release-extension" >
        <unzip dest="E:\work\repo\builder\tt\output\tbuild\candidates\amxext\tools\FOS\2016-03-29-0629.YANNIS\release\eclipse\plugins\com.tibco.tct.fom.help.doc_1.1.0.DEV-2016-03-29-0629-YANNIS" 
               src="E:\work\repo\builder\tt\output\tbuild\candidates\amxext\tools\FOS\2016-03-29-0629.YANNIS\jar\release\plugins\com.tibco.tct.fom.help.doc_1.1.0.DEV-2016-03-29-0629-YANNIS.jar" />
    </target>

    <target name="-gather-bin-parts-com.tibco.tct.fom.help.doc-debug-update" >
        <zip basedir="E:\work\repo\builder\tt\output\tbuild\candidates\amxext\tools\FOS\2016-03-29-0629.YANNIS\debug\plugins\com.tibco.tct.fom.help.doc_1.1.0.DEV-2016-03-29-0629-YANNIS" 
             destfile="E:\work\repo\builder\tt\output\tbuild\candidates\amxext\tools\FOS\2016-03-29-0629.YANNIS\jar\debug\plugins\com.tibco.tct.fom.help.doc_1.1.0.DEV-2016-03-29-0629-YANNIS.jar" />
    </target>

    <target unless="express-build" 
            name="-gather-bin-parts-com.tibco.tct.fom.help.doc-release-update" 
            depends="-gather-bin-parts-com.tibco.tct.fom.help.doc-release-update-obfuscate" />

    <target name="-gather-bin-parts-com.tibco.tct.fom.database-release-extension-precopy" >
        <copy todir="E:\work\repo\builder\tt\output\tbuild\candidates\amxext\tools\FOS\2016-03-29-0629.YANNIS\release\eclipse\plugins\com.tibco.tct.fom.database_1.1.0.DEV-2016-03-29-0629-YANNIS" >
            <fileset dir="E:\work\repo\builder\tt\output\tbuild\candidates\amxext\tools\FOS\2016-03-29-0629.YANNIS\debug\plugins\com.tibco.tct.fom.database_1.1.0.DEV-2016-03-29-0629-YANNIS" />
        </copy>
        <delete file="E:\work\repo\builder\tt\output\tbuild\candidates\amxext\tools\FOS\2016-03-29-0629.YANNIS\release\eclipse\plugins\com.tibco.tct.fom.database_1.1.0.DEV-2016-03-29-0629-YANNIS\tct-fom-database.jar" />
        <delete file="E:\work\repo\builder\tt\output\tbuild\candidates\amxext\tools\FOS\2016-03-29-0629.YANNIS\release\eclipse\plugins\com.tibco.tct.fom.database_1.1.0.DEV-2016-03-29-0629-YANNIS\commons-codec-1.4.jar" />
    </target>

    <target depends="-gather-bin-parts-com.tibco.tct.fom.database-debug-extension,
	-gather-bin-parts-com.tibco.tct.fom.database-debug-update,
	-gather-bin-parts-com.tibco.tct.fom.database-release-extension,
	-gather-bin-parts-com.tibco.tct.fom.database-release-update" 
            name="-gather-bin-parts-com.tibco.tct.fom.database" />

    <target name="-gather-bin-parts-com.tibco.tct.fom.database-debug-extension" >
        <ant target="gather.bin.parts" 
             antfile="build.xml" 
             dir="plugins\com.tibco.tct.fom.database" >
            <property name="destination.temp.folder" 
                      location="E:\work\repo\builder\tt\output\tbuild\candidates\amxext\tools\FOS\2016-03-29-0629.YANNIS\debug\plugins" />
            <property name="os" 
                      value="*" />
            <property name="arch" 
                      value="*" />
            <property name="ws" 
                      value="*" />
        </ant>
    </target>

    <target unless="express-build" 
            name="-gather-bin-parts-com.tibco.tct.fom.database-release-extension" 
            depends="-gather-bin-parts-com.tibco.tct.fom.database-release-extension-precopy, -gather-bin-parts-com.tibco.tct.fom.database-release-extension-obfuscate" />

    <target name="-gather-bin-parts-com.tibco.tct.fom.database-debug-update" >
        <zip basedir="E:\work\repo\builder\tt\output\tbuild\candidates\amxext\tools\FOS\2016-03-29-0629.YANNIS\debug\plugins\com.tibco.tct.fom.database_1.1.0.DEV-2016-03-29-0629-YANNIS" 
             destfile="E:\work\repo\builder\tt\output\tbuild\candidates\amxext\tools\FOS\2016-03-29-0629.YANNIS\jar\debug\plugins\com.tibco.tct.fom.database_1.1.0.DEV-2016-03-29-0629-YANNIS.jar" />
    </target>

    <target name="-gather-bin-parts-com.tibco.tct.fom.database-release-update" 
            unless="express-build" >
        <zip destfile="E:\work\repo\builder\tt\output\tbuild\candidates\amxext\tools\FOS\2016-03-29-0629.YANNIS\jar\release\plugins\com.tibco.tct.fom.database_1.1.0.DEV-2016-03-29-0629-YANNIS.jar" 
             basedir="E:\work\repo\builder\tt\output\tbuild\candidates\amxext\tools\FOS\2016-03-29-0629.YANNIS\release\eclipse\plugins\com.tibco.tct.fom.database_1.1.0.DEV-2016-03-29-0629-YANNIS" />
    </target>

    <target depends="-gather-bin-parts-com.tibco.tct.fom.oms-debug-extension,
	-gather-bin-parts-com.tibco.tct.fom.oms-debug-update,
	-gather-bin-parts-com.tibco.tct.fom.oms-release-update,
	-gather-bin-parts-com.tibco.tct.fom.oms-release-extension" 
            name="-gather-bin-parts-com.tibco.tct.fom.oms" />

    <target name="-gather-bin-parts-com.tibco.tct.fom.oms-debug-extension" >
        <ant dir="plugins\com.tibco.tct.fom.oms" 
             target="gather.bin.parts" 
             antfile="build.xml" >
            <property location="E:\work\repo\builder\tt\output\tbuild\candidates\amxext\tools\FOS\2016-03-29-0629.YANNIS\debug\plugins" 
                      name="destination.temp.folder" />
            <property name="os" 
                      value="*" />
            <property name="arch" 
                      value="*" />
            <property name="ws" 
                      value="*" />
        </ant>
    </target>

    <target name="-gather-bin-parts-com.tibco.tct.fom.oms-release-extension" 
            unless="express-build" >
        <unzip dest="E:\work\repo\builder\tt\output\tbuild\candidates\amxext\tools\FOS\2016-03-29-0629.YANNIS\release\eclipse\plugins\com.tibco.tct.fom.oms_1.1.0.DEV-2016-03-29-0629-YANNIS" 
               src="E:\work\repo\builder\tt\output\tbuild\candidates\amxext\tools\FOS\2016-03-29-0629.YANNIS\jar\release\plugins\com.tibco.tct.fom.oms_1.1.0.DEV-2016-03-29-0629-YANNIS.jar" />
    </target>

    <target name="-gather-bin-parts-com.tibco.tct.fom.oms-debug-update" >
        <zip destfile="E:\work\repo\builder\tt\output\tbuild\candidates\amxext\tools\FOS\2016-03-29-0629.YANNIS\jar\debug\plugins\com.tibco.tct.fom.oms_1.1.0.DEV-2016-03-29-0629-YANNIS.jar" 
             basedir="E:\work\repo\builder\tt\output\tbuild\candidates\amxext\tools\FOS\2016-03-29-0629.YANNIS\debug\plugins\com.tibco.tct.fom.oms_1.1.0.DEV-2016-03-29-0629-YANNIS" />
    </target>

    <target name="-gather-bin-parts-com.tibco.tct.fom.oms-release-update" 
            depends="-gather-bin-parts-com.tibco.tct.fom.oms-release-update-obfuscate" 
            unless="express-build" />

    <target name="-gather-bin-parts-com.tibco.tct.fom.integration" 
            depends="-gather-bin-parts-com.tibco.tct.fom.integration-debug-extension,
	-gather-bin-parts-com.tibco.tct.fom.integration-debug-update,
	-gather-bin-parts-com.tibco.tct.fom.integration-release-update,
	-gather-bin-parts-com.tibco.tct.fom.integration-release-extension" />

    <target name="-gather-bin-parts-com.tibco.tct.fom.integration-debug-extension" >
        <ant antfile="build.xml" 
             target="gather.bin.parts" 
             dir="plugins\com.tibco.tct.fom.integration" >
            <property location="E:\work\repo\builder\tt\output\tbuild\candidates\amxext\tools\FOS\2016-03-29-0629.YANNIS\debug\plugins" 
                      name="destination.temp.folder" />
            <property value="*" 
                      name="os" />
            <property name="arch" 
                      value="*" />
            <property name="ws" 
                      value="*" />
        </ant>
    </target>

    <target name="-gather-bin-parts-com.tibco.tct.fom.integration-release-extension" 
            unless="express-build" >
        <unzip dest="E:\work\repo\builder\tt\output\tbuild\candidates\amxext\tools\FOS\2016-03-29-0629.YANNIS\release\eclipse\plugins\com.tibco.tct.fom.integration_1.1.0.DEV-2016-03-29-0629-YANNIS" 
               src="E:\work\repo\builder\tt\output\tbuild\candidates\amxext\tools\FOS\2016-03-29-0629.YANNIS\jar\release\plugins\com.tibco.tct.fom.integration_1.1.0.DEV-2016-03-29-0629-YANNIS.jar" />
    </target>

    <target name="-gather-bin-parts-com.tibco.tct.fom.integration-debug-update" >
        <zip basedir="E:\work\repo\builder\tt\output\tbuild\candidates\amxext\tools\FOS\2016-03-29-0629.YANNIS\debug\plugins\com.tibco.tct.fom.integration_1.1.0.DEV-2016-03-29-0629-YANNIS" 
             destfile="E:\work\repo\builder\tt\output\tbuild\candidates\amxext\tools\FOS\2016-03-29-0629.YANNIS\jar\debug\plugins\com.tibco.tct.fom.integration_1.1.0.DEV-2016-03-29-0629-YANNIS.jar" />
    </target>

    <target name="-gather-bin-parts-com.tibco.tct.fom.integration-release-update" 
            unless="express-build" 
            depends="-gather-bin-parts-com.tibco.tct.fom.integration-release-update-obfuscate" />

    <target name="-gather-bin-parts-com.tibco.tct.fom.messaging" 
            depends="-gather-bin-parts-com.tibco.tct.fom.messaging-debug-extension,
	-gather-bin-parts-com.tibco.tct.fom.messaging-debug-update,
	-gather-bin-parts-com.tibco.tct.fom.messaging-release-update,
	-gather-bin-parts-com.tibco.tct.fom.messaging-release-extension" />

    <target name="-gather-bin-parts-com.tibco.tct.fom.messaging-debug-extension" >
        <ant antfile="build.xml" 
             dir="plugins\com.tibco.tct.fom.messaging" 
             target="gather.bin.parts" >
            <property name="destination.temp.folder" 
                      location="E:\work\repo\builder\tt\output\tbuild\candidates\amxext\tools\FOS\2016-03-29-0629.YANNIS\debug\plugins" />
            <property name="os" 
                      value="*" />
            <property name="arch" 
                      value="*" />
            <property value="*" 
                      name="ws" />
        </ant>
    </target>

    <target unless="express-build" 
            name="-gather-bin-parts-com.tibco.tct.fom.messaging-release-extension" >
        <unzip src="E:\work\repo\builder\tt\output\tbuild\candidates\amxext\tools\FOS\2016-03-29-0629.YANNIS\jar\release\plugins\com.tibco.tct.fom.messaging_1.1.0.DEV-2016-03-29-0629-YANNIS.jar" 
               dest="E:\work\repo\builder\tt\output\tbuild\candidates\amxext\tools\FOS\2016-03-29-0629.YANNIS\release\eclipse\plugins\com.tibco.tct.fom.messaging_1.1.0.DEV-2016-03-29-0629-YANNIS" />
    </target>

    <target name="-gather-bin-parts-com.tibco.tct.fom.messaging-debug-update" >
        <zip basedir="E:\work\repo\builder\tt\output\tbuild\candidates\amxext\tools\FOS\2016-03-29-0629.YANNIS\debug\plugins\com.tibco.tct.fom.messaging_1.1.0.DEV-2016-03-29-0629-YANNIS" 
             destfile="E:\work\repo\builder\tt\output\tbuild\candidates\amxext\tools\FOS\2016-03-29-0629.YANNIS\jar\debug\plugins\com.tibco.tct.fom.messaging_1.1.0.DEV-2016-03-29-0629-YANNIS.jar" />
    </target>

    <target depends="-gather-bin-parts-com.tibco.tct.fom.messaging-release-update-obfuscate" 
            unless="express-build" 
            name="-gather-bin-parts-com.tibco.tct.fom.messaging-release-update" />

    <target name="gather.bin.parts-*_*_*" 
            depends="-gather-bin-parts-com.tibco.tct.fom.help.doc,
	-gather-bin-parts-com.tibco.tct.fom.database,
	-gather-bin-parts-com.tibco.tct.fom.oms,
	-gather-bin-parts-com.tibco.tct.fom.integration,
	-gather-bin-parts-com.tibco.tct.fom.messaging" />

    <target name="assemble-*_*_*" 
            depends="-assemble-features-*_*_*, -copy-and-zip-feature, gather.bin.parts-*_*_*" />

    <target depends="-make-output-directories,
	assemble-*_*_*,
	-copy-feature-to-local-site-release,
	-copy-feature-to-local-site-debug" 
            name="assemble" />

    <target name="clean" >
        <delete file="E:\tct1\assemble.xml" />
        <delete file="E:\tct1\obfuscation.xml" />
        <delete >
            <fileset dir="E:\tct1\plugins\com.tibco.tct.fom.help.doc" 
                     includes="build.xml, **/*.args" />
            <fileset dir="E:\tct1\plugins\com.tibco.tct.fom.database" 
                     includes="build.xml, **/*.args" />
            <fileset dir="E:\tct1\plugins\com.tibco.tct.fom.oms" 
                     includes="build.xml, **/*.args" />
            <fileset includes="build.xml, **/*.args" 
                     dir="E:\tct1\plugins\com.tibco.tct.fom.integration" />
            <fileset includes="build.xml, **/*.args" 
                     dir="E:\tct1\plugins\com.tibco.tct.fom.messaging" />
        </delete>
    </target>

    <target name="-copy-feature-to-local-site-release" 
            unless="express-build" >
        <copy file="E:\work\repo\builder\tt\output\tbuild\candidates\amxext\tools\FOS\2016-03-29-0629.YANNIS\jar\release\features\com.tibco.tct.fos.feature_1.1.0.DEV-2016-03-29-0629-YANNIS.jar" 
              todir="E:\work\repo\builder\tt\output\tbuild\workspaceInstaller\local-builds-site\features" />
        <copy file="E:\work\repo\builder\tt\output\tbuild\candidates\amxext\tools\FOS\2016-03-29-0629.YANNIS\jar\release\plugins\com.tibco.tct.fom.help.doc_1.1.0.DEV-2016-03-29-0629-YANNIS.jar" 
              todir="E:\work\repo\builder\tt\output\tbuild\workspaceInstaller\local-builds-site\plugins" />
        <copy file="E:\work\repo\builder\tt\output\tbuild\candidates\amxext\tools\FOS\2016-03-29-0629.YANNIS\jar\release\plugins\com.tibco.tct.fom.database_1.1.0.DEV-2016-03-29-0629-YANNIS.jar" 
              todir="E:\work\repo\builder\tt\output\tbuild\workspaceInstaller\local-builds-site\plugins" />
        <copy todir="E:\work\repo\builder\tt\output\tbuild\workspaceInstaller\local-builds-site\plugins" 
              file="E:\work\repo\builder\tt\output\tbuild\candidates\amxext\tools\FOS\2016-03-29-0629.YANNIS\jar\release\plugins\com.tibco.tct.fom.oms_1.1.0.DEV-2016-03-29-0629-YANNIS.jar" />
        <copy todir="E:\work\repo\builder\tt\output\tbuild\workspaceInstaller\local-builds-site\plugins" 
              file="E:\work\repo\builder\tt\output\tbuild\candidates\amxext\tools\FOS\2016-03-29-0629.YANNIS\jar\release\plugins\com.tibco.tct.fom.integration_1.1.0.DEV-2016-03-29-0629-YANNIS.jar" />
        <copy todir="E:\work\repo\builder\tt\output\tbuild\workspaceInstaller\local-builds-site\plugins" 
              file="E:\work\repo\builder\tt\output\tbuild\candidates\amxext\tools\FOS\2016-03-29-0629.YANNIS\jar\release\plugins\com.tibco.tct.fom.messaging_1.1.0.DEV-2016-03-29-0629-YANNIS.jar" />
    </target>

    <target name="-copy-feature-to-local-site-debug" >
        <copy todir="E:\work\repo\builder\tt\output\tbuild\workspaceInstaller\local-builds-site-debug\features" 
              file="E:\work\repo\builder\tt\output\tbuild\candidates\amxext\tools\FOS\2016-03-29-0629.YANNIS\jar\debug\features\com.tibco.tct.fos.feature_1.1.0.DEV-2016-03-29-0629-YANNIS.jar" />
        <copy file="E:\work\repo\builder\tt\output\tbuild\candidates\amxext\tools\FOS\2016-03-29-0629.YANNIS\jar\debug\plugins\com.tibco.tct.fom.help.doc_1.1.0.DEV-2016-03-29-0629-YANNIS.jar" 
              todir="E:\work\repo\builder\tt\output\tbuild\workspaceInstaller\local-builds-site-debug\plugins" />
        <copy todir="E:\work\repo\builder\tt\output\tbuild\workspaceInstaller\local-builds-site-debug\plugins" 
              file="E:\work\repo\builder\tt\output\tbuild\candidates\amxext\tools\FOS\2016-03-29-0629.YANNIS\jar\debug\plugins\com.tibco.tct.fom.database_1.1.0.DEV-2016-03-29-0629-YANNIS.jar" />
        <copy file="E:\work\repo\builder\tt\output\tbuild\candidates\amxext\tools\FOS\2016-03-29-0629.YANNIS\jar\debug\plugins\com.tibco.tct.fom.oms_1.1.0.DEV-2016-03-29-0629-YANNIS.jar" 
              todir="E:\work\repo\builder\tt\output\tbuild\workspaceInstaller\local-builds-site-debug\plugins" />
        <copy todir="E:\work\repo\builder\tt\output\tbuild\workspaceInstaller\local-builds-site-debug\plugins" 
              file="E:\work\repo\builder\tt\output\tbuild\candidates\amxext\tools\FOS\2016-03-29-0629.YANNIS\jar\debug\plugins\com.tibco.tct.fom.integration_1.1.0.DEV-2016-03-29-0629-YANNIS.jar" />
        <copy todir="E:\work\repo\builder\tt\output\tbuild\workspaceInstaller\local-builds-site-debug\plugins" 
              file="E:\work\repo\builder\tt\output\tbuild\candidates\amxext\tools\FOS\2016-03-29-0629.YANNIS\jar\debug\plugins\com.tibco.tct.fom.messaging_1.1.0.DEV-2016-03-29-0629-YANNIS.jar" />
    </target>
</project>
